source_id,variables,dimension,finding,location,cita_apa,url
01_oms_2021_guias_aire,PM2.5|PM10|O3|NO2|SO2|CO,salud,"La evidencia sanitaria sustenta guías para PM2.5, PM10, O3, NO2, SO2 y CO; la exposición debe interpretarse según concentración, duración y población susceptible.",Resumen ejecutivo y capítulos de contaminantes,"World Health Organization. (2021). WHO global air quality guidelines: Particulate matter (PM2.5 and PM10), ozone, nitrogen dioxide, sulfur dioxide and carbon monoxide. https://iris.who.int/handle/10665/345329",https://www.who.int/publications/i/item/9789240034228
01_oms_2021_guias_aire,PM2.5|PM10,salud,El material particulado se asocia con efectos respiratorios y cardiovasculares; el tamaño aerodinámico modifica la penetración y deposición en el aparato respiratorio.,Capítulo de material particulado,"World Health Organization. (2021). WHO global air quality guidelines: Particulate matter (PM2.5 and PM10), ozone, nitrogen dioxide, sulfur dioxide and carbon monoxide. https://iris.who.int/handle/10665/345329",https://www.who.int/publications/i/item/9789240034228
01_oms_2021_guias_aire,O3|NO2|SO2|CO,salud,"Los gases regulados tienen perfiles sanitarios distintos; no deben agruparse como si toxicidad, estado gaseoso y condición de contaminante fueran sinónimos.",Capítulos de contaminantes gaseosos,"World Health Organization. (2021). WHO global air quality guidelines: Particulate matter (PM2.5 and PM10), ozone, nitrogen dioxide, sulfur dioxide and carbon monoxide. https://iris.who.int/handle/10665/345329",https://www.who.int/publications/i/item/9789240034228
02_parra_2022_cuenca_pm25,PM2.5,origen_local,"En Cuenca, el tránsito diésel, las fuentes industriales del noreste y otras combustiones locales son antecedentes plausibles de PM2.5 primario; la atribución puntual requiere inventario y medición.",Introduction; Study area and emissions,"Parra, R., Saud, C., & Espinoza, C. (2022). Simulating PM2.5 concentrations during New Year in Cuenca, Ecuador: Effects of advancing the time of burning activities. Toxics, 10(5), 264. https://doi.org/10.3390/toxics10050264",https://doi.org/10.3390/toxics10050264
02_parra_2022_cuenca_pm25,Temperatura|Radiación global|Luz solar|Inversión térmica,meteorologia,"La estabilidad, la inversión y una capa de mezcla somera favorecen la acumulación; el calentamiento y la convección diurna pueden mejorar la dispersión.",Results and discussion: meteorology and PBL,"Parra, R., Saud, C., & Espinoza, C. (2022). Simulating PM2.5 concentrations during New Year in Cuenca, Ecuador: Effects of advancing the time of burning activities. Toxics, 10(5), 264. https://doi.org/10.3390/toxics10050264",https://doi.org/10.3390/toxics10050264
02_parra_2022_cuenca_pm25,PM1|PM2.5,origen_local,"La red local descrita mide fracciones finas, lo que permite contextualizar PM1 y PM2.5 sin asumir que una fracción equivale químicamente a la otra.",Study area and monitoring network,"Parra, R., Saud, C., & Espinoza, C. (2022). Simulating PM2.5 concentrations during New Year in Cuenca, Ecuador: Effects of advancing the time of burning activities. Toxics, 10(5), 264. https://doi.org/10.3390/toxics10050264",https://doi.org/10.3390/toxics10050264
03_hu_2022_pm1_salud,PM1,salud,"PM1 puede alcanzar regiones profundas del tracto respiratorio; el metaanálisis encontró asociaciones con algunos desenlaces respiratorios, con resultados no uniformes entre desenlaces.",Abstract; Results; Discussion,"Hu, Y., Wu, M., Li, Y., & Liu, X. (2022). Influence of PM1 exposure on total and cause-specific respiratory diseases: A systematic review and meta-analysis. Environmental Science and Pollution Research, 29, 15117–15126. https://doi.org/10.1007/s11356-021-16536-0",https://doi.org/10.1007/s11356-021-16536-0
03_hu_2022_pm1_salud,PM1,limitacion,"La base epidemiológica para PM1 sigue siendo pequeña y heterogénea, con sesgo de publicación señalado; no corresponde describirla como una estimación universal o determinista.",Publication bias; Limitations; Conclusion,"Hu, Y., Wu, M., Li, Y., & Liu, X. (2022). Influence of PM1 exposure on total and cause-specific respiratory diseases: A systematic review and meta-analysis. Environmental Science and Pollution Research, 29, 15117–15126. https://doi.org/10.1007/s11356-021-16536-0",https://doi.org/10.1007/s11356-021-16536-0
04_mainka_zak_2022_mezclas,NO2|PM2.5,mezcla,"La coexposición a NO2 y PM2.5 no produce una única respuesta universal: según desenlace y diseño, las interacciones reportadas pueden ser sinérgicas, antagónicas o no concluyentes.",Results and conclusions,"Mainka, A., & Żak, M. (2022). Synergistic or antagonistic health effects of long- and short-term exposure to ambient NO2 and PM2.5: A review. International Journal of Environmental Research and Public Health, 19(21), 14079. https://doi.org/10.3390/ijerph192114079",https://doi.org/10.3390/ijerph192114079
04_mainka_zak_2022_mezclas,NO2|PM2.5,limitacion,Los modelos de un solo contaminante no describen por completo una atmósfera multipolutante; tampoco es válido sumar riesgos individuales sin un modelo de interacción y exposición.,Introduction; Discussion,"Mainka, A., & Żak, M. (2022). Synergistic or antagonistic health effects of long- and short-term exposure to ambient NO2 and PM2.5: A review. International Journal of Environmental Research and Public Health, 19(21), 14079. https://doi.org/10.3390/ijerph192114079",https://doi.org/10.3390/ijerph192114079
05_vilcassim_thurston_2023_brechas,Todos,limitacion,"La composición, la fuente, la escala espacial, el tiempo y la susceptibilidad condicionan los efectos; la evaluación multipolutante conserva brechas metodológicas importantes.",Research gaps and future directions,"Vilcassim, R., & Thurston, G. D. (2023). Gaps and future directions in research on health effects of air pollution. eBioMedicine, 93, 104668. https://doi.org/10.1016/j.ebiom.2023.104668",https://doi.org/10.1016/j.ebiom.2023.104668
05_vilcassim_thurston_2023_brechas,PM1|PM2.5|PM10,salud,"El tamaño, la composición y el origen de las partículas importan para la toxicidad y la exposición; una etiqueta de tamaño no identifica por sí sola la mezcla química.",Particulate matter research gaps,"Vilcassim, R., & Thurston, G. D. (2023). Gaps and future directions in research on health effects of air pollution. eBioMedicine, 93, 104668. https://doi.org/10.1016/j.ebiom.2023.104668",https://doi.org/10.1016/j.ebiom.2023.104668
